id,last_name,email,gender,score,date,duration
1,Ortes,hortes0@digg.com,Female,70,11/17/2023,3657
2,Butler,lbutler1@spiegel.de,Male,30,3/21/2024,759
3,Bridell,kbridell2@yandex.ru,Female,93,5/25/2024,620
4,Basham,cbasham3@sciencedirect.com,Female,83,1/1/2024,768
5,Faunch,bfaunch4@reuters.com,Female,80,9/29/2024,2390
6,Pettersen,jpettersen5@flavors.me,Male,23,3/19/2024,4398
7,MacDiarmond,lmacdiarmond6@example.com,Male,92,7/15/2024,5104
8,Titterton,ftitterton7@pen.io,Male,79,1/14/2024,5258
9,Siveter,msiveter8@imdb.com,Genderqueer,95,1/7/2024,4710
10,Kenderdine,fkenderdine9@oakley.com,Female,87,8/28/2024,2113
11,Jobbins,ojobbinsa@seesaa.net,Female,28,7/23/2024,5212
12,Powney,mpowneyb@sbwire.com,Male,14,11/1/2023,1577
13,Nunnery,snunneryc@walmart.com,Male,98,2/29/2024,1647
14,Thickens,fthickensd@ocn.ne.jp,Female,73,9/7/2024,3009
15,Wretham,nwrethame@flavors.me,Male,28,5/4/2024,952
16,Bogue,pboguef@timesonline.co.uk,Female,21,7/3/2024,4237
17,Hyam,whyamg@tamu.edu,Agender,22,5/14/2024,1395
18,Von Der Empten,avonderemptenh@nhs.uk,Male,70,7/19/2024,2923
19,De Nisco,cdeniscoi@about.com,Female,79,1/11/2024,4450
20,Dyball,adyballj@sphinn.com,Female,45,3/3/2024,5076
21,Starford,nstarfordk@netlog.com,Female,3,4/20/2024,4669
22,Barnshaw,lbarnshawl@dedecms.com,Male,3,5/28/2024,4607
23,Bushrod,ebushrodm@netscape.com,Male,22,5/25/2024,3723
24,Tonnesen,mtonnesenn@feedburner.com,Male,56,3/14/2024,2195
25,Featherbie,jfeatherbieo@shop-pro.jp,Female,4,3/27/2024,976
26,MacNeilly,mmacneillyp@techcrunch.com,Male,21,10/11/2024,2606
27,MacGillreich,mmacgillreichq@wired.com,Female,10,10/14/2024,3011
28,Snartt,fsnarttr@e-recht24.de,Female,78,1/6/2024,2672
29,Goolden,sgooldens@last.fm,Female,48,1/1/2024,5677
30,Jaynes,ajaynest@ning.com,Male,88,8/6/2024,5254
31,Moynham,fmoynhamu@lulu.com,Female,29,5/24/2024,1798
32,Blampey,dblampeyv@usda.gov,Non-binary,43,3/11/2024,1317
33,Martinelli,gmartinelliw@live.com,Male,60,9/2/2024,208
34,Minerdo,yminerdox@economist.com,Male,42,3/9/2024,1524
35,Tropman,rtropmany@dailymail.co.uk,Male,49,3/4/2024,1672
36,Belin,pbelinz@nasa.gov,Female,53,7/5/2024,747
37,Danaher,wdanaher10@goo.gl,Female,91,1/6/2024,4435
38,Drews,hdrews11@stanford.edu,Female,53,4/5/2024,5776
39,Sanbrooke,msanbrooke12@shareasale.com,Female,77,6/19/2024,4504
40,Biggam,abiggam13@hexun.com,Male,100,6/29/2024,316
41,Brozek,vbrozek14@sciencedaily.com,Female,10,11/7/2023,2552
42,Ryder,pryder15@constantcontact.com,Female,71,2/28/2024,1506
43,Jagger,tjagger16@storify.com,Male,61,10/16/2024,4881
44,Grist,rgrist17@utexas.edu,Male,11,9/21/2024,5925
45,Donson,bdonson18@scientificamerican.com,Male,59,12/5/2023,3894
46,Glassopp,rglassopp19@prlog.org,Male,80,4/6/2024,783
47,Runnett,mrunnett1a@berkeley.edu,Male,8,2/14/2024,2909
48,Patek,apatek1b@weibo.com,Male,50,5/18/2024,4732
49,Jessett,ljessett1c@prnewswire.com,Female,60,11/19/2023,4066
50,Kleint,vkleint1d@rambler.ru,Female,20,3/25/2024,1949
51,Arrol,earrol1e@tuttocitta.it,Male,85,9/12/2024,3645
52,Spring,gspring1f@nydailynews.com,Male,82,4/2/2024,3071
53,Raubheim,fraubheim1g@statcounter.com,Male,33,2/26/2024,3860
54,Eilert,beilert1h@theglobeandmail.com,Male,81,4/26/2024,1093
55,Orum,worum1i@elpais.com,Male,58,9/18/2024,917
56,Sarten,asarten1j@amazon.co.jp,Male,29,5/30/2024,3949
57,Beardon,kbeardon1k@histats.com,Female,25,8/18/2024,329
58,Tilmouth,ltilmouth1l@privacy.gov.au,Female,54,12/20/2023,2954
59,Peery,hpeery1m@opensource.org,Agender,70,8/27/2024,631
60,Beartup,abeartup1n@miitbeian.gov.cn,Male,17,10/23/2024,5653
61,Cano,wcano1o@wix.com,Polygender,8,3/21/2024,4185
62,Blackman,rblackman1p@ftc.gov,Female,98,7/10/2024,715
63,Atteridge,jatteridge1q@networkadvertising.org,Female,89,12/26/2023,4518
64,Stellman,kstellman1r@eepurl.com,Male,59,8/9/2024,1021
65,MacMeanma,pmacmeanma1s@artisteer.com,Non-binary,45,8/27/2024,4626
66,Korn,wkorn1t@epa.gov,Male,54,6/29/2024,4000
67,Sibery,gsibery1u@sun.com,Male,10,8/6/2024,848
68,Fey,dfey1v@nymag.com,Male,88,5/11/2024,1262
69,Apthorpe,tapthorpe1w@apache.org,Male,98,3/15/2024,1462
70,Danby,jdanby1x@forbes.com,Male,56,11/27/2023,787
71,Boorman,mboorman1y@boston.com,Female,79,4/11/2024,951
72,Milnes,kmilnes1z@archive.org,Female,24,7/11/2024,2505
73,Dunseith,tdunseith20@ibm.com,Male,63,9/11/2024,4875
74,Reville,hreville21@cbc.ca,Female,70,5/26/2024,5262
75,Jaggli,njaggli22@engadget.com,Female,64,9/13/2024,2852
76,Elt,lelt23@msn.com,Female,44,8/28/2024,1550
77,Swidenbank,jswidenbank24@globo.com,Male,76,10/26/2024,3646
78,MacGahy,lmacgahy25@abc.net.au,Male,77,10/29/2024,3393
79,Claibourn,aclaibourn26@instagram.com,Male,99,8/2/2024,3813
80,Peschke,ppeschke27@ning.com,Male,48,2/26/2024,4450
81,Durham,cdurham28@behance.net,Male,19,7/19/2024,4119
82,Burchard,cburchard29@1688.com,Bigender,26,9/17/2024,5410
83,Watmore,jwatmore2a@boston.com,Male,36,12/4/2023,521
84,Cartmail,lcartmail2b@unc.edu,Female,54,7/26/2024,4320
85,Graddon,rgraddon2c@last.fm,Male,2,11/14/2023,4909
86,Mayzes,bmayzes2d@cmu.edu,Male,50,11/29/2023,946
87,Gaythorpe,ngaythorpe2e@devhub.com,Male,16,9/12/2024,5824
88,Cardillo,bcardillo2f@bbc.co.uk,Male,73,8/21/2024,3461
89,Surmeyers,ksurmeyers2g@sourceforge.net,Female,88,3/12/2024,3820
90,Guitton,fguitton2h@ed.gov,Male,84,2/4/2024,3877
91,Rickersey,yrickersey2i@hud.gov,Male,56,11/8/2023,1747
92,Raynes,braynes2j@google.com,Male,93,12/9/2023,4156
93,Eilles,feilles2k@columbia.edu,Male,33,10/2/2024,1781
94,Mitchiner,dmitchiner2l@quantcast.com,Male,53,2/28/2024,5750
95,Poulston,spoulston2m@dion.ne.jp,Male,79,11/6/2023,4571
96,McKerrow,pmckerrow2n@ftc.gov,Female,50,11/18/2023,5886
97,Spaducci,hspaducci2o@csmonitor.com,Agender,49,7/19/2024,5899
98,Madgewick,smadgewick2p@amazon.co.jp,Female,54,9/18/2024,3205
99,More,cmore2q@mac.com,Male,74,5/8/2024,4325
100,Ferri,lferri2r@time.com,Male,85,1/22/2024,2488
101,Reinbech,lreinbech2s@dot.gov,Male,26,12/10/2023,4674
102,Haggie,dhaggie2t@rambler.ru,Female,62,10/9/2024,4365
103,McKellen,smckellen2u@ucsd.edu,Female,92,2/22/2024,5004
104,Mattioni,amattioni2v@github.io,Agender,25,1/9/2024,162
105,Pigrome,lpigrome2w@blogspot.com,Female,90,7/19/2024,5567
106,Cocking,ecocking2x@harvard.edu,Male,30,3/14/2024,979
107,Newsome,cnewsome2y@disqus.com,Male,36,6/13/2024,1450
108,Tupper,htupper2z@cornell.edu,Female,4,3/31/2024,1980
109,Cardenoso,pcardenoso30@odnoklassniki.ru,Male,86,4/14/2024,1328
110,Bresner,rbresner31@nbcnews.com,Female,61,2/28/2024,4552
111,Ashlee,kashlee32@reverbnation.com,Female,56,11/18/2023,1272
112,Wimes,swimes33@etsy.com,Female,56,5/18/2024,1391
113,Bruneau,mbruneau34@wordpress.com,Male,77,5/11/2024,1995
114,O'Glassane,aoglassane35@exblog.jp,Male,60,4/26/2024,3168
115,Blakey,rblakey36@uol.com.br,Female,99,9/20/2024,3197
116,Packington,gpackington37@admin.ch,Female,67,1/23/2024,1152
117,Turpin,rturpin38@ca.gov,Female,45,8/14/2024,4510
118,Jinda,bjinda39@gnu.org,Male,61,10/16/2024,1626
119,Mehew,mmehew3a@bbb.org,Female,83,7/6/2024,1792
120,Jukes,ajukes3b@liveinternet.ru,Male,57,6/10/2024,5055
121,Greenfield,agreenfield3c@opensource.org,Female,22,8/5/2024,2104
122,Spinney,gspinney3d@berkeley.edu,Female,28,12/13/2023,2847
123,Eastmead,seastmead3e@google.com.hk,Male,89,5/5/2024,5517
124,Barkly,abarkly3f@quantcast.com,Male,87,4/17/2024,1514
125,Dupoy,bdupoy3g@google.com.au,Male,19,4/24/2024,391
126,Shead,mshead3h@archive.org,Male,2,9/22/2024,3261
127,Notley,cnotley3i@umn.edu,Male,3,9/16/2024,4443
128,Andersch,mandersch3j@google.com.au,Bigender,74,12/27/2023,3427
129,Elsmore,helsmore3k@yolasite.com,Female,24,8/29/2024,998
130,Bedingfield,bbedingfield3l@jigsy.com,Female,66,1/23/2024,3148
131,Litton,jlitton3m@lycos.com,Male,72,5/19/2024,2156
132,Oboy,hoboy3n@sitemeter.com,Female,72,9/9/2024,3038
133,Madgin,rmadgin3o@nationalgeographic.com,Male,65,10/18/2024,3193
134,Frances,mfrances3p@netlog.com,Female,75,7/27/2024,4650
135,Eilers,aeilers3q@tamu.edu,Female,84,12/11/2023,713
136,Pollok,rpollok3r@kickstarter.com,Female,73,3/4/2024,679
137,Curlis,rcurlis3s@freewebs.com,Female,70,11/16/2023,2663
138,Callery,acallery3t@bravesites.com,Female,55,6/3/2024,1806
139,Ubanks,rubanks3u@java.com,Female,66,11/1/2023,4530
140,Vasenkov,kvasenkov3v@sina.com.cn,Female,30,12/26/2023,3691
141,Whatford,awhatford3w@rambler.ru,Female,96,11/10/2023,4833
142,Center,wcenter3x@gov.uk,Female,52,4/10/2024,3983
143,Howatt,ghowatt3y@tiny.cc,Male,19,7/26/2024,2148
144,Whichelow,jwhichelow3z@ebay.com,Male,34,5/23/2024,4176
145,Glencross,gglencross40@wired.com,Male,70,1/22/2024,1950
146,Ramey,bramey41@flavors.me,Female,40,8/6/2024,3229
147,Aleso,daleso42@yahoo.com,Genderqueer,61,2/12/2024,5080
148,Sherrington,lsherrington43@twitpic.com,Female,75,5/4/2024,2586
149,Loud,kloud44@meetup.com,Male,82,4/7/2024,5128
150,Morecombe,smorecombe45@sohu.com,Male,96,8/6/2024,65
151,Venner,jvenner46@dailymotion.com,Male,73,8/10/2024,2160
152,Kincaid,mkincaid47@mozilla.com,Female,16,3/18/2024,2867
153,Ikins,bikins48@naver.com,Male,61,10/15/2024,5824
154,O'Shaughnessy,coshaughnessy49@cbc.ca,Female,53,9/23/2024,3549
155,McCambridge,nmccambridge4a@webeden.co.uk,Female,42,9/30/2024,2435
156,Eacott,peacott4b@nps.gov,Male,53,12/18/2023,2734
157,Hollows,nhollows4c@nih.gov,Female,66,2/8/2024,1296
158,Frays,wfrays4d@deliciousdays.com,Male,66,12/22/2023,4918
159,Dreier,cdreier4e@fotki.com,Male,79,9/22/2024,4028
160,Larmet,blarmet4f@deviantart.com,Female,38,7/13/2024,2323
161,Lindstedt,clindstedt4g@scribd.com,Female,50,6/22/2024,587
162,Dyshart,gdyshart4h@histats.com,Female,96,4/29/2024,1392
163,Gaythor,fgaythor4i@vk.com,Female,22,5/8/2024,3544
164,Basso,gbasso4j@ucsd.edu,Male,8,12/19/2023,5722
165,Lippi,glippi4k@dropbox.com,Female,73,8/5/2024,707
166,Pates,ppates4l@yale.edu,Non-binary,72,8/10/2024,690
167,Danne,ndanne4m@icio.us,Female,47,6/14/2024,3880
168,Gallety,mgallety4n@cocolog-nifty.com,Female,90,6/5/2024,1452
169,Besantie,abesantie4o@prlog.org,Male,26,1/15/2024,4595
170,Benitez,rbenitez4p@sciencedirect.com,Male,46,12/15/2023,596
171,Leadbetter,wleadbetter4q@xing.com,Female,24,7/14/2024,2606
172,Jessen,bjessen4r@tiny.cc,Male,91,3/7/2024,3351
173,Ince,kince4s@google.com,Male,54,2/29/2024,4817
174,Roney,hroney4t@wsj.com,Female,42,11/28/2023,3546
175,Rosenhaus,grosenhaus4u@chron.com,Male,71,10/1/2024,5594
176,Rosensaft,drosensaft4v@tiny.cc,Male,86,9/21/2024,1200
177,Parffrey,bparffrey4w@eepurl.com,Male,57,6/16/2024,1758
178,Leate,vleate4x@twitter.com,Male,64,4/6/2024,3309
179,Freschini,lfreschini4y@skyrock.com,Female,2,10/1/2024,2919
180,Elldred,relldred4z@soundcloud.com,Female,59,5/27/2024,3536
181,Pappin,ppappin50@blogs.com,Female,61,10/27/2024,4670
182,Betun,hbetun51@php.net,Male,87,4/9/2024,4032
183,Frushard,kfrushard52@netlog.com,Male,73,10/31/2024,2297
184,Dadd,gdadd53@disqus.com,Female,20,5/16/2024,5543
185,Aughton,aaughton54@google.it,Female,65,3/27/2024,2173
186,Petracchi,spetracchi55@globo.com,Female,96,4/12/2024,3036
187,O' Donohue,dodonohue56@mit.edu,Non-binary,26,1/29/2024,2875
188,Arstingall,aarstingall57@bbb.org,Genderqueer,28,4/15/2024,5582
189,Ivanusyev,jivanusyev58@oakley.com,Male,74,12/24/2023,204
190,Templar,dtemplar59@chron.com,Genderqueer,47,12/13/2023,4336
191,Ferneley,sferneley5a@indiatimes.com,Female,35,1/12/2024,1173
192,Deppen,mdeppen5b@ucoz.com,Male,7,8/18/2024,983
193,Ramel,hramel5c@hp.com,Female,46,3/14/2024,2305
194,Linsay,slinsay5d@ning.com,Female,87,10/9/2024,1984
195,Shovell,cshovell5e@uol.com.br,Female,74,11/22/2023,2085
196,Kencott,ikencott5f@unesco.org,Female,38,9/27/2024,1656
197,Bendell,zbendell5g@goo.ne.jp,Female,97,7/30/2024,1653
198,Flemmich,pflemmich5h@dmoz.org,Female,4,12/25/2023,1049
199,Yantsurev,ryantsurev5i@mit.edu,Female,95,3/6/2024,4905
200,Godlip,cgodlip5j@alibaba.com,Female,48,12/28/2023,4872
201,Pepperill,mpepperill5k@twitpic.com,Male,56,6/29/2024,4928
202,Pawlett,mpawlett5l@google.fr,Polygender,65,5/7/2024,3549
203,Saunders,psaunders5m@slashdot.org,Female,66,9/24/2024,5873
204,Bediss,ebediss5n@friendfeed.com,Male,46,12/12/2023,5804
205,Wyrall,awyrall5o@1und1.de,Female,9,1/23/2024,246
206,Espin,mespin5p@example.com,Male,56,4/3/2024,2594
207,Blum,mblum5q@cnn.com,Female,48,11/8/2023,4141
208,Gallacher,ngallacher5r@chron.com,Genderfluid,73,1/12/2024,274
209,McCleverty,ymccleverty5s@blogs.com,Male,9,10/24/2024,2954
210,Dellenty,adellenty5t@wufoo.com,Female,39,1/30/2024,4826
211,Cheavin,scheavin5u@dropbox.com,Male,96,4/28/2024,5594
212,Jones,bjones5v@uol.com.br,Male,100,10/31/2024,5142
213,Iacovino,eiacovino5w@com.com,Female,10,8/18/2024,326
214,Risby,brisby5x@google.pl,Female,50,6/6/2024,5304
215,Henzley,ehenzley5y@barnesandnoble.com,Male,41,7/30/2024,1592
216,Rewcastle,frewcastle5z@netvibes.com,Male,20,10/24/2024,1124
217,Flewett,jflewett60@timesonline.co.uk,Genderfluid,85,5/10/2024,458
218,Yitzhok,jyitzhok61@si.edu,Male,52,8/31/2024,3746
219,Braunes,ibraunes62@merriam-webster.com,Female,53,1/17/2024,1215
220,Reeks,creeks63@angelfire.com,Male,1,10/17/2024,2798
221,Widdowson,twiddowson64@miitbeian.gov.cn,Male,39,4/1/2024,5871
222,Dusey,cdusey65@wikia.com,Female,69,6/21/2024,415
223,Rooson,frooson66@eventbrite.com,Male,32,2/5/2024,3017
224,Upson,kupson67@blogtalkradio.com,Male,91,8/21/2024,2874
225,Bulstrode,hbulstrode68@nba.com,Male,39,6/22/2024,4829
226,Gleeson,jgleeson69@cisco.com,Female,30,11/8/2023,1463
227,Kindle,mkindle6a@chronoengine.com,Female,62,6/12/2024,3021
228,Dennistoun,ldennistoun6b@liveinternet.ru,Female,83,7/3/2024,1020
229,Anglin,hanglin6c@yelp.com,Male,42,11/22/2023,5175
230,Picton,lpicton6d@free.fr,Male,7,3/3/2024,484
231,Yakebovich,tyakebovich6e@skyrock.com,Male,73,6/16/2024,464
232,Kewzick,pkewzick6f@upenn.edu,Male,69,6/15/2024,5553
233,Valentin,fvalentin6g@sina.com.cn,Male,58,2/3/2024,841
234,Maisey,smaisey6h@fc2.com,Female,59,6/3/2024,2863
235,Gres,rgres6i@yellowpages.com,Female,44,2/16/2024,763
236,Bachanski,cbachanski6j@weather.com,Female,20,5/26/2024,354
237,Becket,rbecket6k@last.fm,Bigender,16,3/22/2024,1011
238,Tonks,rtonks6l@over-blog.com,Female,15,9/18/2024,4636
239,Dagworthy,ldagworthy6m@howstuffworks.com,Male,76,2/3/2024,5486
240,Jerams,rjerams6n@rediff.com,Male,18,12/7/2023,5988
241,Stolte,pstolte6o@unblog.fr,Female,1,5/13/2024,2944
242,Conachy,bconachy6p@chronoengine.com,Male,46,5/9/2024,703
243,Andreix,sandreix6q@guardian.co.uk,Male,17,10/26/2024,3712
244,Whitwham,awhitwham6r@nsw.gov.au,Agender,78,1/14/2024,463
245,Arnould,marnould6s@scientificamerican.com,Male,14,1/2/2024,2262
246,Comello,kcomello6t@squidoo.com,Male,29,6/14/2024,4903
247,Massimo,kmassimo6u@epa.gov,Male,74,5/16/2024,222
248,Swadlin,lswadlin6v@google.ru,Male,93,6/16/2024,5901
249,Gilbeart,agilbeart6w@webs.com,Male,96,2/25/2024,629
250,Chell,bchell6x@godaddy.com,Male,61,9/24/2024,5609
251,Novichenko,inovichenko6y@vk.com,Male,50,1/29/2024,1842
252,Jellis,njellis6z@biblegateway.com,Male,48,8/12/2024,2542
253,Vaudrey,yvaudrey70@blogtalkradio.com,Male,21,11/10/2023,1533
254,Birdseye,dbirdseye71@hibu.com,Female,77,11/8/2023,5465
255,Mearns,lmearns72@flavors.me,Male,62,5/29/2024,2022
256,Striker,wstriker73@indiegogo.com,Male,17,6/19/2024,659
257,Lutas,alutas74@tmall.com,Male,41,12/17/2023,2630
258,Thomlinson,nthomlinson75@ucoz.ru,Male,68,3/31/2024,2803
259,Jochen,ajochen76@ning.com,Male,20,6/6/2024,3135
260,Berrane,nberrane77@irs.gov,Female,93,5/25/2024,2195
261,Doodson,ndoodson78@photobucket.com,Male,16,11/29/2023,987
262,Burkitt,lburkitt79@cdc.gov,Genderqueer,45,2/2/2024,614
263,Joseff,hjoseff7a@mediafire.com,Male,70,6/13/2024,5075
264,Savoury,esavoury7b@webeden.co.uk,Male,55,10/31/2024,3928
265,Gibbs,mgibbs7c@gmpg.org,Female,65,6/22/2024,4850
266,Clougher,fclougher7d@walmart.com,Non-binary,70,7/27/2024,2602
267,Richardin,crichardin7e@free.fr,Non-binary,90,6/20/2024,5038
268,D'eye,ddeye7f@tuttocitta.it,Male,45,12/20/2023,1224
269,Oke,doke7g@sphinn.com,Male,87,1/2/2024,4292
270,Crichton,gcrichton7h@ft.com,Male,83,1/8/2024,4027
271,Lysons,vlysons7i@arstechnica.com,Male,19,4/7/2024,1305
272,Calam,bcalam7j@cdc.gov,Male,51,6/12/2024,1488
273,Braund,abraund7k@gnu.org,Female,27,8/23/2024,4691
274,Caldow,ecaldow7l@liveinternet.ru,Female,74,11/26/2023,2694
275,Aitken,kaitken7m@creativecommons.org,Female,67,10/8/2024,3254
276,Ruste,fruste7n@ezinearticles.com,Male,78,5/21/2024,905
277,Cicchinelli,scicchinelli7o@hhs.gov,Female,41,1/29/2024,2741
278,Tingly,dtingly7p@naver.com,Male,100,6/27/2024,5451
279,Kayser,pkayser7q@ucoz.ru,Male,92,4/26/2024,5808
280,Kayser,akayser7r@statcounter.com,Male,20,1/2/2024,2867
281,Andriss,sandriss7s@myspace.com,Female,74,9/9/2024,506
282,Arpe,garpe7t@cdc.gov,Male,29,9/14/2024,104
283,Betke,gbetke7u@rakuten.co.jp,Female,48,10/1/2024,2022
284,Dobrowski,kdobrowski7v@loc.gov,Female,20,6/15/2024,3112
285,McLaughlin,umclaughlin7w@paginegialle.it,Male,48,8/22/2024,1695
286,Lemmer,elemmer7x@sun.com,Male,95,5/2/2024,3467
287,Neale,pneale7y@go.com,Genderfluid,83,3/26/2024,1770
288,Pughe,spughe7z@washington.edu,Female,16,9/13/2024,1826
289,Merrell,mmerrell80@cloudflare.com,Male,20,6/26/2024,2905
290,McCuaig,gmccuaig81@reference.com,Female,91,6/18/2024,716
291,Detheridge,rdetheridge82@senate.gov,Male,76,9/1/2024,3773
292,Greswell,mgreswell83@tripadvisor.com,Female,22,4/19/2024,5031
293,Wrates,bwrates84@nyu.edu,Female,35,1/9/2024,119
294,Howkins,chowkins85@desdev.cn,Genderqueer,98,6/8/2024,605
295,Faircley,yfaircley86@comcast.net,Female,22,9/12/2024,4174
296,Suddock,zsuddock87@hatena.ne.jp,Polygender,56,5/10/2024,4899
297,Ballaam,dballaam88@list-manage.com,Male,31,1/21/2024,4047
298,Reddings,lreddings89@google.com,Male,26,3/8/2024,1556
299,Beldum,pbeldum8a@boston.com,Male,47,2/2/2024,744
300,Trollope,rtrollope8b@economist.com,Female,75,4/7/2024,1602
301,Endley,tendley8c@bloglovin.com,Male,41,1/28/2024,5864
302,Chillcot,achillcot8d@imageshack.us,Male,76,6/18/2024,66
303,Clapperton,mclapperton8e@scribd.com,Female,37,7/21/2024,1272
304,Wandrach,lwandrach8f@gmpg.org,Male,76,3/8/2024,5845
305,Paragreen,aparagreen8g@wufoo.com,Male,68,1/10/2024,4576
306,Maleney,hmaleney8h@google.com.br,Female,27,8/15/2024,1342
307,Pidler,apidler8i@independent.co.uk,Female,22,12/30/2023,3660
308,Tunny,ytunny8j@pbs.org,Male,76,6/27/2024,2934
309,Trimbey,strimbey8k@wired.com,Male,23,8/24/2024,1495
310,Garlette,cgarlette8l@whitehouse.gov,Genderqueer,26,9/13/2024,4208
311,Pring,bpring8m@biblegateway.com,Male,93,12/12/2023,4499
312,Scampion,sscampion8n@wsj.com,Male,40,7/31/2024,3283
313,Fison,sfison8o@wix.com,Male,75,1/26/2024,4034
314,MacCrann,nmaccrann8p@goodreads.com,Female,44,5/4/2024,941
315,Tomaselli,vtomaselli8q@shinystat.com,Female,3,1/14/2024,4524
316,Freak,kfreak8r@drupal.org,Female,99,7/26/2024,3212
317,Kynd,lkynd8s@gizmodo.com,Male,72,9/5/2024,912
318,Narup,vnarup8t@vinaora.com,Male,18,9/25/2024,1958
319,Di Meo,fdimeo8u@squidoo.com,Female,91,6/29/2024,3500
320,Rikkard,crikkard8v@newsvine.com,Female,43,8/8/2024,3963
321,Battrick,bbattrick8w@google.ca,Female,61,9/15/2024,1169
322,Burtwhistle,mburtwhistle8x@ox.ac.uk,Male,25,1/27/2024,178
323,Band,nband8y@ucoz.com,Male,77,9/7/2024,5897
324,McDuall,rmcduall8z@technorati.com,Female,70,2/11/2024,3430
325,Feaviour,afeaviour90@jigsy.com,Male,1,4/29/2024,5509
326,Le Sieur,llesieur91@opensource.org,Female,56,12/14/2023,3693
327,Peschke,gpeschke92@ted.com,Male,31,10/20/2024,1029
328,Hasnney,hhasnney93@lycos.com,Female,10,9/25/2024,97
329,Clell,pclell94@foxnews.com,Female,75,11/1/2023,5840
330,Cogin,acogin95@prweb.com,Female,86,3/5/2024,354
331,Learned,tlearned96@mapquest.com,Male,86,3/20/2024,1153
332,Wilsey,mwilsey97@opera.com,Male,46,7/4/2024,3900
333,Sustins,csustins98@blogs.com,Female,32,1/3/2024,683
334,Brass,sbrass99@cyberchimps.com,Male,78,11/16/2023,2635
335,Butt Gow,abuttgow9a@netscape.com,Female,96,2/4/2024,1906
336,Bambridge,dbambridge9b@dedecms.com,Male,41,7/11/2024,4041
337,Frushard,kfrushard9c@princeton.edu,Male,11,8/20/2024,5549
338,Gaunter,sgaunter9d@comcast.net,Female,1,7/29/2024,3865
339,Lethabridge,olethabridge9e@alibaba.com,Female,39,7/3/2024,2568
340,Founds,tfounds9f@mozilla.com,Male,26,8/14/2024,5174
341,Linkleter,rlinkleter9g@friendfeed.com,Genderfluid,82,3/19/2024,3780
342,Challenor,gchallenor9h@twitter.com,Male,60,11/4/2023,2124
343,Tackle,ztackle9i@skyrock.com,Female,41,9/3/2024,308
344,Volante,kvolante9j@shutterfly.com,Male,27,4/19/2024,2098
345,Brauner,sbrauner9k@geocities.jp,Female,60,1/1/2024,1930
346,Livingstone,flivingstone9l@chron.com,Male,41,1/31/2024,1616
347,Rough,brough9m@sogou.com,Female,74,8/2/2024,3691
348,Bissatt,rbissatt9n@washingtonpost.com,Female,45,3/17/2024,2395
349,Satterfitt,hsatterfitt9o@tumblr.com,Male,5,7/19/2024,3171
350,Burkart,lburkart9p@mtv.com,Male,79,7/21/2024,3419
351,Myerscough,jmyerscough9q@soup.io,Male,5,7/26/2024,5473
352,Acland,gacland9r@cdbaby.com,Male,42,8/20/2024,1504
353,Larsen,klarsen9s@biglobe.ne.jp,Female,24,3/23/2024,5550
354,Abrahami,sabrahami9t@barnesandnoble.com,Female,46,11/22/2023,471
355,Vowden,pvowden9u@jigsy.com,Female,24,10/27/2024,515
356,Sheeran,hsheeran9v@merriam-webster.com,Male,36,1/20/2024,4371
357,MacArthur,hmacarthur9w@yahoo.com,Female,56,2/17/2024,2724
358,Esparza,gesparza9x@boston.com,Agender,86,5/9/2024,4687
359,MacAllan,cmacallan9y@imgur.com,Male,72,9/23/2024,192
360,Siddele,esiddele9z@networksolutions.com,Female,67,10/14/2024,1825
361,Gibben,rgibbena0@umn.edu,Female,17,12/24/2023,5601
362,Grier,mgriera1@symantec.com,Female,4,8/29/2024,4809
363,Lees,wleesa2@geocities.jp,Female,36,2/10/2024,863
364,Hirsch,thirscha3@icio.us,Male,46,1/22/2024,5481
365,Kenington,fkeningtona4@booking.com,Male,96,10/4/2024,1141
366,Bode,gbodea5@opera.com,Male,30,8/8/2024,2060
367,Arundel,aarundela6@mail.ru,Female,73,5/17/2024,248
368,Gerish,dgerisha7@zdnet.com,Female,98,8/31/2024,521
369,Mullord,dmullorda8@github.io,Female,8,2/29/2024,1928
370,Daville,mdavillea9@sciencedaily.com,Female,4,3/23/2024,282
371,Trethewey,dtretheweyaa@weather.com,Male,7,5/20/2024,4371
372,Perchard,cperchardab@yahoo.co.jp,Male,7,2/8/2024,5854
373,Hurndall,ahurndallac@apache.org,Male,85,11/11/2023,1975
374,Pounsett,gpounsettad@joomla.org,Male,5,5/23/2024,1799
375,Gheeraert,fgheeraertae@de.vu,Female,29,9/13/2024,4977
376,Beckford,ebeckfordaf@blog.com,Male,63,8/1/2024,643
377,Wheelan,bwheelanag@omniture.com,Male,37,3/26/2024,4455
378,Adolphine,gadolphineah@deliciousdays.com,Female,83,5/26/2024,5476
379,Mathew,cmathewai@whitehouse.gov,Female,42,6/6/2024,718
380,Pear,kpearaj@purevolume.com,Male,45,2/1/2024,2380
381,Potteridge,tpotteridgeak@yellowpages.com,Male,9,9/28/2024,2046
382,Melvin,tmelvinal@cam.ac.uk,Female,73,6/16/2024,1168
383,Fortey,lforteyam@netlog.com,Male,95,4/19/2024,4758
384,MacFarlane,pmacfarlanean@bluehost.com,Male,23,10/6/2024,1323
385,Merritt,vmerrittao@behance.net,Female,51,8/2/2024,5065
386,Pantone,wpantoneap@prlog.org,Female,63,10/17/2024,4311
387,MacGorley,cmacgorleyaq@t-online.de,Female,66,5/9/2024,4384
388,Russ,crussar@imgur.com,Male,44,6/14/2024,4113
389,Warboy,hwarboyas@github.io,Female,73,11/28/2023,4202
390,Carlill,ccarlillat@smh.com.au,Female,99,7/3/2024,2839
391,Housego,chousegoau@europa.eu,Male,69,8/30/2024,2663
392,Farnie,nfarnieav@google.com.hk,Female,36,10/23/2024,3763
393,Mortimer,jmortimeraw@hao123.com,Female,57,8/26/2024,5099
394,Glynn,jglynnax@dmoz.org,Male,69,10/22/2024,3279
395,Rosenfrucht,crosenfruchtay@woothemes.com,Male,2,9/24/2024,2615
396,Desmond,kdesmondaz@cnet.com,Male,54,11/26/2023,257
397,Messenger,bmessengerb0@independent.co.uk,Genderqueer,77,11/5/2023,1840
398,Jore,njoreb1@dot.gov,Female,89,9/4/2024,1873
399,Rudall,brudallb2@hubpages.com,Female,63,1/18/2024,3881
400,Giacubbo,rgiacubbob3@jugem.jp,Male,22,9/18/2024,4710
401,Hawkin,ghawkinb4@marriott.com,Male,72,1/21/2024,3274
402,Mallabon,hmallabonb5@joomla.org,Male,34,6/7/2024,1972
403,Ivanyushkin,livanyushkinb6@yahoo.co.jp,Male,98,1/26/2024,1342
404,Stookes,istookesb7@bloglovin.com,Female,66,7/2/2024,4904
405,Brandreth,kbrandrethb8@fastcompany.com,Male,46,4/26/2024,165
406,Brandino,cbrandinob9@mayoclinic.com,Male,38,6/26/2024,5820
407,Harriss,mharrissba@ning.com,Female,45,3/4/2024,3340
408,Whiff,iwhiffbb@nature.com,Male,11,7/7/2024,2067
409,Millea,kmilleabc@nymag.com,Male,53,11/5/2023,3486
410,Hinks,lhinksbd@aboutads.info,Male,60,5/20/2024,3735
411,Draxford,sdraxfordbe@craigslist.org,Female,1,3/19/2024,4614
412,Pettie,rpettiebf@loc.gov,Male,40,2/23/2024,4897
413,Hawe,jhawebg@mlb.com,Male,46,7/1/2024,1170
414,Euston,beustonbh@timesonline.co.uk,Bigender,81,11/6/2023,657
415,Torrent,ktorrentbi@arizona.edu,Male,78,5/20/2024,4755
416,Satchel,ksatchelbj@geocities.com,Male,49,5/10/2024,1903
417,Lembcke,glembckebk@businessweek.com,Male,22,7/22/2024,3493
418,Mourge,pmourgebl@imageshack.us,Female,42,12/4/2023,4551
419,Shemmin,mshemminbm@google.nl,Male,8,5/27/2024,732
420,Saldler,asaldlerbn@earthlink.net,Male,26,11/9/2023,3913
421,Bassil,abassilbo@nyu.edu,Female,91,11/2/2023,2691
422,Beakes,sbeakesbp@youtu.be,Bigender,47,3/13/2024,937
423,Belamy,sbelamybq@google.cn,Male,52,9/28/2024,892
424,Chasteney,cchasteneybr@wisc.edu,Male,27,8/8/2024,1928
425,Phelp,tphelpbs@ucoz.ru,Female,88,8/7/2024,5702
426,Knapper,bknapperbt@chronoengine.com,Male,43,12/21/2023,5655
427,Farge,mfargebu@cnet.com,Male,84,8/14/2024,1921
428,Fries,vfriesbv@nature.com,Agender,29,7/20/2024,3981
429,Miller,gmillerbw@dropbox.com,Male,69,8/4/2024,4574
430,Skitterel,jskitterelbx@ft.com,Male,21,3/22/2024,574
431,Lindblad,llindbladby@webeden.co.uk,Male,19,6/9/2024,1083
432,Tessington,gtessingtonbz@tamu.edu,Male,10,1/5/2024,4911
433,Adelberg,badelbergc0@yellowpages.com,Female,95,2/28/2024,1236
434,Rouge,vrougec1@go.com,Male,51,8/30/2024,4114
435,Raylton,erayltonc2@reverbnation.com,Male,10,11/18/2023,4633
436,Insall,binsallc3@fema.gov,Bigender,61,10/13/2024,994
437,Idiens,lidiensc4@github.io,Male,14,2/13/2024,5721
438,Planque,jplanquec5@woothemes.com,Female,83,6/25/2024,5879
439,Easeman,deasemanc6@lulu.com,Bigender,2,6/18/2024,5487
440,Fierro,rfierroc7@facebook.com,Genderfluid,83,9/19/2024,4982
441,Santer,ssanterc8@cdc.gov,Female,67,12/30/2023,3614
442,McFarlane,dmcfarlanec9@dyndns.org,Female,81,9/19/2024,319
443,Baumber,cbaumberca@1und1.de,Female,57,6/5/2024,5944
444,Strotton,fstrottoncb@nyu.edu,Female,97,6/4/2024,981
445,Vedyashkin,mvedyashkincc@shop-pro.jp,Male,56,9/22/2024,691
446,Bernasek,tbernasekcd@ted.com,Genderqueer,9,4/12/2024,5714
447,Denial,ddenialce@163.com,Male,72,10/25/2024,4759
448,Warlton,mwarltoncf@examiner.com,Male,36,1/11/2024,2079
449,Keohane,pkeohanecg@tamu.edu,Female,39,10/16/2024,4511
450,Norster,cnorsterch@ed.gov,Female,31,9/4/2024,4775
451,Ainsley,bainsleyci@squarespace.com,Male,68,5/2/2024,2833
452,Yallop,syallopcj@acquirethisname.com,Female,19,12/30/2023,2720
453,Hubbins,shubbinsck@bravesites.com,Female,39,1/10/2024,4139
454,Scotchmore,sscotchmorecl@apple.com,Male,30,10/20/2024,2575
455,Loffel,mloffelcm@macromedia.com,Non-binary,24,11/8/2023,2695
456,Sinnocke,asinnockecn@odnoklassniki.ru,Female,49,12/8/2023,1592
457,Baldock,mbaldockco@slate.com,Male,4,9/19/2024,3192
458,Riteley,mriteleycp@mtv.com,Female,75,1/21/2024,5270
459,Stoke,cstokecq@yahoo.com,Female,48,5/12/2024,5022
460,Yearby,fyearbycr@google.com,Female,71,10/3/2024,5602
461,Danielsson,sdanielssoncs@weebly.com,Male,72,7/1/2024,299
462,De Hooge,gdehoogect@dailymotion.com,Genderqueer,66,2/22/2024,4852
463,Scullin,gscullincu@addthis.com,Male,41,1/22/2024,2501
464,Pinsent,apinsentcv@buzzfeed.com,Female,9,1/19/2024,3669
465,Flacknoe,cflacknoecw@hc360.com,Female,72,7/4/2024,1263
466,Laffoley-Lane,tlaffoleylanecx@typepad.com,Male,46,1/25/2024,4366
467,Swetman,cswetmancy@whitehouse.gov,Male,87,11/23/2023,2183
468,Nortcliffe,snortcliffecz@chron.com,Female,76,6/25/2024,2438
469,Burgoine,kburgoined0@goodreads.com,Male,38,7/17/2024,1667
470,Charnick,mcharnickd1@free.fr,Female,16,2/16/2024,4390
471,Kliemann,jkliemannd2@csmonitor.com,Male,37,6/2/2024,740
472,Boswood,aboswoodd3@si.edu,Male,42,3/14/2024,3779
473,Lumsden,alumsdend4@theatlantic.com,Male,83,3/19/2024,4040
474,Rylands,jrylandsd5@quantcast.com,Male,11,5/7/2024,5614
475,Laxe,slaxed6@cnn.com,Male,30,10/18/2024,5055
476,Seekings,gseekingsd7@npr.org,Male,55,1/11/2024,5885
477,Inglis,jinglisd8@example.com,Female,37,6/2/2024,4710
478,Reinhart,sreinhartd9@yolasite.com,Female,10,12/21/2023,787
479,Kofax,dkofaxda@sina.com.cn,Male,11,10/25/2024,4532
480,Clemence,vclemencedb@istockphoto.com,Male,47,1/8/2024,849
481,Birdfield,ebirdfielddc@tiny.cc,Male,74,10/19/2024,3586
482,Riolfi,criolfidd@google.it,Male,34,9/11/2024,3381
483,Tuiller,btuillerde@army.mil,Polygender,37,8/19/2024,5630
484,Babon,dbabondf@mapy.cz,Male,5,8/20/2024,5746
485,Guiu,wguiudg@mozilla.org,Male,68,2/18/2024,2406
486,Innott,ninnottdh@barnesandnoble.com,Genderqueer,5,6/5/2024,3097
487,Ebertz,bebertzdi@i2i.jp,Genderfluid,57,4/1/2024,4277
488,Whittock,awhittockdj@exblog.jp,Male,70,3/4/2024,2344
489,Stotherfield,nstotherfielddk@1und1.de,Female,39,12/5/2023,569
490,Gerrels,wgerrelsdl@opensource.org,Female,41,8/27/2024,2870
491,Reedman,ireedmandm@unicef.org,Female,2,8/14/2024,477
492,Rosenauer,trosenauerdn@360.cn,Male,72,1/9/2024,3539
493,Roughley,jroughleydo@parallels.com,Female,34,11/28/2023,5177
494,Miquelet,lmiqueletdp@apple.com,Female,52,10/18/2024,4361
495,Jobern,mjoberndq@squidoo.com,Male,9,12/4/2023,1800
496,Gouck,sgouckdr@go.com,Genderqueer,98,5/10/2024,1984
497,Pimerick,ppimerickds@dailymail.co.uk,Male,2,7/25/2024,4780
498,Bagshaw,pbagshawdt@alibaba.com,Male,41,5/28/2024,433
499,Legon,alegondu@tripod.com,Male,84,7/27/2024,5542
500,Leneve,dlenevedv@cyberchimps.com,Male,69,12/24/2023,3992
501,Jentges,mjentgesdw@bloglines.com,Male,56,7/25/2024,2609
502,O'Doireidh,hodoireidhdx@1688.com,Bigender,30,6/10/2024,5089
503,Ulrik,culrikdy@kickstarter.com,Male,68,11/22/2023,529
504,Sherwin,jsherwindz@goodreads.com,Male,8,11/22/2023,2471
505,Walburn,ewalburne0@google.nl,Male,34,12/17/2023,5829
506,Abramino,eabraminoe1@jigsy.com,Female,29,4/15/2024,3750
507,Bertelsen,cbertelsene2@slashdot.org,Male,79,12/23/2023,3320
508,Dowty,rdowtye3@devhub.com,Female,9,5/28/2024,2793
509,Lengthorn,glengthorne4@huffingtonpost.com,Male,3,3/3/2024,941
510,Huntley,ahuntleye5@msu.edu,Female,22,11/4/2023,3487
511,Nucci,bnuccie6@etsy.com,Male,59,4/16/2024,839
512,Cowope,ccowopee7@cisco.com,Male,98,9/13/2024,457
513,Skellion,eskellione8@slideshare.net,Female,35,4/11/2024,1865
514,Lammers,alammerse9@cnbc.com,Female,47,11/28/2023,654
515,Ashplant,cashplantea@hibu.com,Female,79,8/28/2024,5654
516,Pettis,tpettiseb@pagesperso-orange.fr,Male,16,3/5/2024,2618
517,Fakeley,dfakeleyec@merriam-webster.com,Male,48,4/10/2024,714
518,Giorgio,bgiorgioed@uol.com.br,Female,54,6/25/2024,5548
519,Lockton,llocktonee@columbia.edu,Male,59,6/12/2024,4644
520,Reneke,jrenekeef@dailymotion.com,Male,41,6/10/2024,4963
521,Ackwood,jackwoodeg@delicious.com,Female,2,10/11/2024,627
522,Caulder,ccauldereh@imdb.com,Male,85,12/18/2023,4288
523,Ganning,bganningei@homestead.com,Male,87,5/6/2024,3895
524,Rignold,wrignoldej@homestead.com,Female,4,7/23/2024,2168
525,Wooland,pwoolandek@ehow.com,Male,5,4/18/2024,2384
526,Wigzell,cwigzellel@msn.com,Female,88,3/2/2024,4594
527,Poyser,cpoyserem@google.de,Female,58,9/7/2024,5954
528,Cockcroft,ccockcroften@hc360.com,Female,82,1/28/2024,4627
529,Dougal,rdougaleo@phoca.cz,Male,61,8/20/2024,4142
530,Menauteau,hmenauteauep@friendfeed.com,Male,34,4/10/2024,2147
531,Churchley,tchurchleyeq@qq.com,Male,33,12/22/2023,2074
532,Kermitt,fkermitter@pagesperso-orange.fr,Male,30,7/11/2024,3187
533,Harvie,bharviees@twitpic.com,Male,36,11/5/2023,1665
534,Haggerston,ahaggerstonet@purevolume.com,Male,50,12/16/2023,3533
535,Oak,boakeu@opera.com,Female,82,7/10/2024,2928
536,Clarricoates,mclarricoatesev@adobe.com,Male,14,10/7/2024,1018
537,Jacobsz,ojacobszew@vkontakte.ru,Male,93,5/26/2024,4760
538,Barok,fbarokex@weibo.com,Male,10,9/27/2024,5640
539,Varren,evarreney@clickbank.net,Bigender,77,8/15/2024,1811
540,Ceely,jceelyez@columbia.edu,Female,54,5/21/2024,1521
541,Leyshon,tleyshonf0@networksolutions.com,Male,52,11/22/2023,4025
542,Bonnor,lbonnorf1@constantcontact.com,Female,87,5/10/2024,160
543,McGettrick,kmcgettrickf2@webnode.com,Male,97,3/13/2024,656
544,Dewire,adewiref3@biglobe.ne.jp,Genderfluid,29,11/26/2023,5064
545,Scally,ascallyf4@wunderground.com,Female,98,4/15/2024,5067
546,Rockwill,arockwillf5@furl.net,Female,63,6/21/2024,1082
547,McManamon,fmcmanamonf6@bing.com,Male,41,12/25/2023,275
548,Jerisch,sjerischf7@paginegialle.it,Female,93,7/12/2024,140
549,Denecamp,odenecampf8@nydailynews.com,Male,85,5/24/2024,1550
550,Prestie,lprestief9@123-reg.co.uk,Male,28,9/6/2024,5795
551,Fearey,ifeareyfa@bizjournals.com,Female,35,9/26/2024,1738
552,Potter,epotterfb@ucoz.ru,Bigender,72,10/11/2024,4223
553,Bengoechea,tbengoecheafc@microsoft.com,Female,67,4/3/2024,4260
554,Sandaver,wsandaverfd@cdc.gov,Non-binary,80,8/25/2024,1216
555,Spavon,sspavonfe@sciencedaily.com,Female,32,9/13/2024,5494
556,Castelli,tcastelliff@cpanel.net,Male,9,8/11/2024,5277
557,Dudding,vduddingfg@reddit.com,Female,50,6/10/2024,1312
558,Tompkiss,atompkissfh@sphinn.com,Female,42,11/26/2023,5874
559,Danihel,idanihelfi@reverbnation.com,Female,60,6/20/2024,3680
560,Primo,aprimofj@uiuc.edu,Male,83,10/12/2024,1268
561,Nuzzi,rnuzzifk@cdbaby.com,Male,57,4/11/2024,2059
562,Santen,nsantenfl@latimes.com,Female,13,7/8/2024,3723
563,Tilby,ntilbyfm@yellowpages.com,Male,59,9/5/2024,665
564,Georgeot,ugeorgeotfn@clickbank.net,Male,14,11/19/2023,3343
565,Skeates,askeatesfo@youtube.com,Female,82,10/17/2024,4193
566,Delete,mdeletefp@youku.com,Female,67,3/16/2024,4900
567,Hazard,chazardfq@mysql.com,Female,42,2/13/2024,2138
568,Maseres,tmaseresfr@blogtalkradio.com,Female,75,8/12/2024,4694
569,Tampin,jtampinfs@howstuffworks.com,Male,8,6/6/2024,5181
570,Iseton,lisetonft@nhs.uk,Male,42,9/25/2024,5544
571,MacChaell,dmacchaellfu@google.es,Polygender,95,10/5/2024,1737
572,Howles,phowlesfv@dion.ne.jp,Male,90,7/29/2024,2711
573,Northin,rnorthinfw@statcounter.com,Male,88,9/24/2024,164
574,Pincked,apinckedfx@alexa.com,Male,58,10/16/2024,3362
575,Caulliere,wcaullierefy@jugem.jp,Polygender,86,11/13/2023,3683
576,Simenot,hsimenotfz@blogtalkradio.com,Female,25,8/17/2024,5516
577,Hast,ghastg0@google.com.br,Female,25,10/23/2024,1183
578,Haller,ahallerg1@mtv.com,Male,77,4/19/2024,834
579,Shah,hshahg2@ft.com,Female,80,12/8/2023,4429
580,Fiske,afiskeg3@xinhuanet.com,Polygender,41,2/17/2024,3053
581,Ledstone,mledstoneg4@usatoday.com,Female,29,2/29/2024,1691
582,McMurthy,rmcmurthyg5@bing.com,Female,65,3/31/2024,1618
583,Djekic,cdjekicg6@linkedin.com,Male,93,4/18/2024,3674
584,Goldberg,fgoldbergg7@deliciousdays.com,Female,38,8/5/2024,191
585,Yegorshin,yyegorshing8@biglobe.ne.jp,Male,70,5/29/2024,2981
586,Denholm,bdenholmg9@cbsnews.com,Female,76,12/29/2023,5103
587,Gaddie,dgaddiega@newsvine.com,Male,31,6/19/2024,1814
588,Ambrogetti,kambrogettigb@narod.ru,Male,37,5/3/2024,468
589,Thornton,hthorntongc@etsy.com,Female,11,3/11/2024,474
590,Wolton,awoltongd@wiley.com,Genderfluid,88,3/2/2024,707
591,Ambrosi,fambrosige@buzzfeed.com,Female,56,10/23/2024,2127
592,Moreing,bmoreinggf@histats.com,Female,6,3/7/2024,3935
593,Symes,asymesgg@guardian.co.uk,Female,44,8/20/2024,711
594,Pugsley,bpugsleygh@pbs.org,Male,56,2/17/2024,1206
595,Heinsius,rheinsiusgi@wikispaces.com,Male,87,8/14/2024,906
596,Fishley,pfishleygj@pbs.org,Male,97,8/1/2024,2804
597,Jenny,kjennygk@alibaba.com,Bigender,85,1/12/2024,3593
598,Kaplan,lkaplangl@illinois.edu,Male,93,6/7/2024,5433
599,Andrich,candrichgm@yale.edu,Male,68,7/28/2024,2031
600,Bedbrough,rbedbroughgn@multiply.com,Female,63,3/25/2024,5671
601,Hancorn,jhancorngo@discuz.net,Female,23,8/2/2024,1056
602,Foch,hfochgp@cloudflare.com,Male,72,8/7/2024,819
603,Fould,xfouldgq@disqus.com,Male,47,10/5/2024,2835
604,Ronaghan,jronaghangr@vinaora.com,Male,72,9/11/2024,1796
605,Chettoe,echettoegs@squarespace.com,Female,3,1/11/2024,1508
606,Manoelli,emanoelligt@slashdot.org,Female,88,6/29/2024,829
607,Jaskiewicz,gjaskiewiczgu@newyorker.com,Male,14,6/19/2024,5940
608,Ludy,gludygv@woothemes.com,Male,17,8/2/2024,5864
609,Nestor,rnestorgw@shutterfly.com,Male,65,3/31/2024,4532
610,Krzysztofiak,mkrzysztofiakgx@reuters.com,Female,37,2/23/2024,3414
611,Defty,cdeftygy@furl.net,Male,95,8/1/2024,1920
612,Ballin,mballingz@opera.com,Female,66,3/6/2024,4497
613,Youster,hyousterh0@gov.uk,Male,19,7/4/2024,706
614,Havvock,ahavvockh1@redcross.org,Male,97,12/13/2023,4965
615,Bentick,hbentickh2@ox.ac.uk,Male,23,5/22/2024,4353
616,Schonfelder,hschonfelderh3@amazon.com,Male,3,12/5/2023,4953
617,Rivel,frivelh4@cnet.com,Male,91,1/12/2024,2629
618,Bartoloma,bbartolomah5@microsoft.com,Agender,13,10/21/2024,4273
619,Copperwaite,ncopperwaiteh6@seattletimes.com,Male,95,3/27/2024,3899
620,Strutton,nstruttonh7@twitpic.com,Male,52,11/25/2023,3260
621,Grover,mgroverh8@illinois.edu,Male,5,8/14/2024,1790
622,Harner,lharnerh9@uol.com.br,Male,96,12/16/2023,417
623,Gebbie,mgebbieha@purevolume.com,Female,54,10/19/2024,5586
624,Stembridge,tstembridgehb@aboutads.info,Female,41,2/2/2024,990
625,Bert,dberthc@statcounter.com,Female,23,5/13/2024,3614
626,Abazi,rabazihd@goo.gl,Female,77,12/2/2023,2278
627,Thirwell,jthirwellhe@tinyurl.com,Female,36,4/2/2024,5902
628,Gather,dgatherhf@va.gov,Female,7,12/15/2023,650
629,Ubsdell,mubsdellhg@shop-pro.jp,Male,94,10/17/2024,5008
630,Gorden,rgordenhh@ucla.edu,Male,38,9/13/2024,5661
631,Purseglove,rpurseglovehi@cbc.ca,Genderqueer,4,1/4/2024,5331
632,Sewell,esewellhj@imdb.com,Female,20,10/11/2024,4889
633,Landall,glandallhk@oracle.com,Female,79,4/30/2024,5608
634,Philliskirk,mphilliskirkhl@ucoz.com,Female,4,4/29/2024,2554
635,Cattroll,ccattrollhm@skyrock.com,Male,25,11/19/2023,3456
636,Wagge,mwaggehn@samsung.com,Female,48,11/29/2023,5523
637,Millin,gmillinho@noaa.gov,Female,27,1/5/2024,915
638,Trevena,btrevenahp@dailymotion.com,Female,35,9/21/2024,4387
639,Beat,abeathq@google.pl,Genderfluid,89,8/25/2024,3492
640,Tebbe,atebbehr@netlog.com,Male,22,7/26/2024,2558
641,Gazey,jgazeyhs@scribd.com,Female,77,9/18/2024,4907
642,Plumb,tplumbht@prweb.com,Female,65,6/4/2024,2985
643,Wass,gwasshu@jimdo.com,Male,22,6/12/2024,640
644,O'Donnell,jodonnellhv@goodreads.com,Male,53,12/10/2023,1858
645,Pauleau,tpauleauhw@wordpress.org,Female,17,7/26/2024,288
646,Pease,opeasehx@umich.edu,Female,98,10/12/2024,457
647,Domnick,cdomnickhy@youku.com,Female,62,9/5/2024,1844
648,Broadwell,nbroadwellhz@nature.com,Female,59,2/17/2024,5318
649,Kits,lkitsi0@reuters.com,Male,98,3/7/2024,5174
650,Merrilees,wmerrileesi1@wisc.edu,Male,75,8/30/2024,3293
651,Ivison,givisoni2@plala.or.jp,Male,38,8/21/2024,1953
652,Rickson,cricksoni3@unicef.org,Non-binary,11,9/8/2024,1437
653,Ladel,pladeli4@slideshare.net,Male,60,5/7/2024,3434
654,Horstead,jhorsteadi5@chicagotribune.com,Male,25,5/30/2024,3018
655,Beri,mberii6@harvard.edu,Male,70,5/23/2024,3188
656,Ivanets,aivanetsi7@house.gov,Male,64,1/19/2024,4557
657,Deelay,ldeelayi8@tumblr.com,Non-binary,95,12/2/2023,5549
658,Hartegan,ihartegani9@loc.gov,Female,58,5/13/2024,461
659,Keighley,dkeighleyia@usnews.com,Male,52,5/3/2024,253
660,Eede,geedeib@wordpress.org,Non-binary,3,1/22/2024,1869
661,Kenwell,mkenwellic@plala.or.jp,Male,95,7/6/2024,3926
662,Josefsohn,ejosefsohnid@pcworld.com,Genderfluid,78,8/14/2024,833
663,Rabbe,grabbeie@flickr.com,Female,18,2/22/2024,3271
664,Baudouin,gbaudouinif@shop-pro.jp,Female,84,7/1/2024,4745
665,McMakin,dmcmakinig@technorati.com,Genderfluid,42,12/5/2023,1520
666,Jakubovicz,tjakuboviczih@w3.org,Male,71,4/16/2024,1923
667,Walder,twalderii@angelfire.com,Female,43,3/1/2024,4480
668,Sabban,dsabbanij@smugmug.com,Female,72,11/14/2023,2319
669,Shovel,rshovelik@angelfire.com,Male,74,8/18/2024,3621
670,Daspar,vdasparil@washington.edu,Bigender,8,3/24/2024,3312
671,Alvarado,malvaradoim@mozilla.org,Male,78,2/23/2024,3247
672,Guillou,mguillouin@thetimes.co.uk,Female,73,5/3/2024,4083
673,Lysaght,klysaghtio@amazon.co.jp,Female,90,6/27/2024,184
674,Pummery,gpummeryip@feedburner.com,Male,4,2/18/2024,3167
675,Thonger,lthongeriq@timesonline.co.uk,Genderqueer,34,12/19/2023,5668
676,Illing,hillingir@ovh.net,Non-binary,8,2/21/2024,1217
677,Paprotny,spaprotnyis@discuz.net,Male,29,5/10/2024,3847
678,Hissie,vhissieit@creativecommons.org,Male,53,8/22/2024,3212
679,Boldt,tboldtiu@wisc.edu,Female,48,5/1/2024,3459
680,Ditt,gdittiv@youku.com,Female,63,1/13/2024,953
681,Andreou,aandreouiw@photobucket.com,Female,23,6/18/2024,2555
682,Ableson,hablesonix@jimdo.com,Female,76,4/23/2024,4078
683,Gyles,agylesiy@facebook.com,Female,4,10/10/2024,1010
684,Nare,wnareiz@people.com.cn,Male,30,11/20/2023,2745
685,Edgecumbe,gedgecumbej0@sciencedirect.com,Female,90,8/24/2024,3990
686,Gallear,tgallearj1@sfgate.com,Female,26,12/9/2023,4070
687,Richfield,rrichfieldj2@macromedia.com,Male,40,6/13/2024,5161
688,Byneth,fbynethj3@earthlink.net,Female,42,9/5/2024,582
689,Isley,nisleyj4@amazonaws.com,Male,59,12/14/2023,2757
690,Sphinxe,ksphinxej5@shareasale.com,Male,39,7/2/2024,224
691,Suston,tsustonj6@berkeley.edu,Male,20,5/15/2024,2507
692,Shotton,mshottonj7@ted.com,Female,7,5/14/2024,2544
693,Cowlin,jcowlinj8@github.com,Male,99,6/15/2024,1671
694,Lipprose,tlipprosej9@ftc.gov,Genderfluid,70,7/15/2024,3264
695,Thaller,athallerja@deliciousdays.com,Male,10,9/18/2024,4151
696,Braunstein,fbraunsteinjb@homestead.com,Male,100,10/12/2024,2150
697,Swaysland,qswayslandjc@123-reg.co.uk,Female,22,10/16/2024,5497
698,Hallows,ahallowsjd@amazonaws.com,Female,52,3/22/2024,1985
699,Hendricks,ohendricksje@timesonline.co.uk,Female,69,4/7/2024,3807
700,Dorre,rdorrejf@newsvine.com,Female,80,6/19/2024,2084
701,Leyninye,yleyninyejg@sogou.com,Female,84,12/13/2023,4473
702,Dellenbrook,cdellenbrookjh@arstechnica.com,Male,40,4/6/2024,2184
703,Henkens,ahenkensji@unicef.org,Male,14,2/3/2024,2111
704,Di Biagi,cdibiagijj@quantcast.com,Male,2,6/23/2024,5430
705,Barthel,kbartheljk@discuz.net,Female,56,12/10/2023,3478
706,Beswell,nbeswelljl@instagram.com,Male,76,3/20/2024,1423
707,Woodes,awoodesjm@yellowbook.com,Female,67,12/25/2023,1906
708,Winslow,bwinslowjn@xing.com,Male,55,9/19/2024,1528
709,McEntee,jmcenteejo@artisteer.com,Male,88,1/6/2024,5880
710,Grahamslaw,lgrahamslawjp@about.com,Female,21,8/6/2024,1353
711,Brimmacombe,ebrimmacombejq@ifeng.com,Polygender,98,10/13/2024,879
712,Leggis,cleggisjr@latimes.com,Female,78,1/17/2024,5903
713,Gameson,zgamesonjs@51.la,Male,7,6/16/2024,4544
714,Corro,bcorrojt@tamu.edu,Male,96,1/21/2024,1982
715,Commuzzo,mcommuzzoju@stumbleupon.com,Female,51,6/10/2024,199
716,Houson,chousonjv@icq.com,Genderqueer,78,11/5/2023,957
717,Tritton,mtrittonjw@freewebs.com,Female,1,7/30/2024,1814
718,McOwen,mmcowenjx@statcounter.com,Male,63,6/16/2024,1863
719,Hatt,chattjy@hhs.gov,Male,95,6/16/2024,2089
720,Bertomeu,lbertomeujz@blogs.com,Male,55,5/1/2024,239
721,Kennford,jkennfordk0@cam.ac.uk,Bigender,21,6/25/2024,1124
722,Donnel,sdonnelk1@army.mil,Female,47,6/21/2024,2116
723,Swinfen,cswinfenk2@networkadvertising.org,Genderqueer,30,7/1/2024,3432
724,Ottee,sotteek3@usa.gov,Female,20,2/22/2024,2464
725,Juliano,sjulianok4@illinois.edu,Female,43,12/20/2023,1708
726,Mugg,qmuggk5@feedburner.com,Male,74,4/23/2024,5656
727,Jilliss,ojillissk6@google.nl,Genderqueer,78,5/30/2024,5197
728,Cartmell,wcartmellk7@reuters.com,Female,31,7/23/2024,1148
729,Kibard,ckibardk8@umich.edu,Female,79,7/1/2024,5159
730,Matveiko,mmatveikok9@hc360.com,Female,26,7/8/2024,5844
731,Seymark,mseymarkka@msn.com,Female,51,2/24/2024,2011
732,Steventon,dsteventonkb@google.cn,Male,40,1/14/2024,5402
733,Snozzwell,msnozzwellkc@trellian.com,Female,55,4/19/2024,348
734,De L'Isle,hdelislekd@merriam-webster.com,Female,84,9/7/2024,3085
735,Sprakes,msprakeske@dropbox.com,Female,11,4/27/2024,5357
736,Louw,blouwkf@ning.com,Male,37,9/17/2024,5658
737,Sansbury,msansburykg@cbc.ca,Male,35,8/27/2024,769
738,Scroggins,nscrogginskh@latimes.com,Female,40,2/4/2024,3401
739,Mugridge,emugridgeki@blinklist.com,Female,77,7/30/2024,4212
740,Budget,ebudgetkj@pbs.org,Male,37,12/27/2023,3204
741,Osbaldstone,rosbaldstonekk@sourceforge.net,Male,90,12/5/2023,3046
742,Oager,boagerkl@dell.com,Genderfluid,18,2/17/2024,5627
743,Swyn,dswynkm@nih.gov,Female,59,4/1/2024,4340
744,Scotchmor,bscotchmorkn@fema.gov,Female,19,7/15/2024,5839
745,Rimell,brimellko@ucla.edu,Male,1,5/12/2024,4686
746,Arrighini,aarrighinikp@va.gov,Female,99,8/31/2024,5470
747,Hiscoe,khiscoekq@flavors.me,Female,15,9/2/2024,1400
748,Folliott,lfolliottkr@foxnews.com,Male,89,7/14/2024,5431
749,Shackle,jshackleks@omniture.com,Female,8,7/12/2024,1297
750,Vero,dverokt@telegraph.co.uk,Female,46,7/23/2024,4685
751,Heaney`,bheaneyku@un.org,Male,79,1/17/2024,5112
752,O'Looney,lolooneykv@elpais.com,Genderfluid,36,6/10/2024,2977
753,Wigfall,nwigfallkw@addtoany.com,Non-binary,62,11/6/2023,2474
754,Godney,mgodneykx@cbc.ca,Male,68,6/29/2024,4155
755,Smittoune,wsmittouneky@bing.com,Male,54,1/31/2024,4049
756,Larby,tlarbykz@wufoo.com,Female,28,1/12/2024,3108
757,Klawi,aklawil0@si.edu,Male,7,10/6/2024,1427
758,Erni,oernil1@nydailynews.com,Male,4,6/27/2024,5381
759,Fritter,sfritterl2@fema.gov,Female,68,10/6/2024,1489
760,Minshaw,eminshawl3@bloglines.com,Female,18,2/3/2024,1064
761,Pudsall,apudsalll4@yellowbook.com,Female,12,12/29/2023,5972
762,Schulke,mschulkel5@vkontakte.ru,Male,26,2/8/2024,2472
763,Tesyro,ttesyrol6@lulu.com,Male,56,7/20/2024,3648
764,Eitter,aeitterl7@1und1.de,Male,98,3/20/2024,5645
765,Fontenot,efontenotl8@nymag.com,Female,84,1/28/2024,3246
766,Nuttall,snuttalll9@japanpost.jp,Male,37,3/18/2024,2023
767,Casarino,ccasarinola@sciencedaily.com,Male,35,1/4/2024,4626
768,Holliar,aholliarlb@springer.com,Male,27,3/28/2024,1941
769,Shimwall,nshimwalllc@redcross.org,Female,97,11/15/2023,1207
770,Blakeston,lblakestonld@netlog.com,Female,2,8/27/2024,1887
771,Scouler,bscoulerle@naver.com,Female,23,3/29/2024,4963
772,Faircliffe,bfaircliffelf@google.com,Male,30,11/14/2023,5457
773,McLae,omclaelg@ucoz.com,Male,84,5/2/2024,5867
774,Whillock,pwhillocklh@paypal.com,Female,74,6/25/2024,2872
775,O'Corrane,socorraneli@ftc.gov,Male,19,6/18/2024,4236
776,O'Haire,cohairelj@newsvine.com,Male,3,5/20/2024,1108
777,Nolot,nnolotlk@wikia.com,Male,43,3/1/2024,2556
778,Hellicar,dhellicarll@wunderground.com,Female,55,8/18/2024,4070
779,Devonald,sdevonaldlm@barnesandnoble.com,Female,70,7/31/2024,5344
780,Brownbill,mbrownbillln@free.fr,Female,67,12/28/2023,5545
781,Eyer,peyerlo@ca.gov,Male,73,2/10/2024,2562
782,Roelvink,kroelvinklp@cnn.com,Male,24,10/16/2024,2927
783,Lendon,alendonlq@adobe.com,Female,23,1/12/2024,853
784,Ianinotti,jianinottilr@patch.com,Male,36,4/4/2024,1092
785,Bambrick,fbambrickls@xrea.com,Male,95,2/22/2024,3131
786,Trenam,mtrenamlt@walmart.com,Female,95,10/20/2024,300
787,Gamlin,mgamlinlu@dmoz.org,Male,41,12/31/2023,4073
788,Nairne,cnairnelv@webmd.com,Male,18,11/10/2023,4137
789,Hallgarth,lhallgarthlw@lycos.com,Female,13,9/23/2024,62
790,McRorie,amcrorielx@rakuten.co.jp,Male,66,12/21/2023,3382
791,Bendix,tbendixly@diigo.com,Male,2,7/14/2024,3997
792,Baraclough,nbaracloughlz@foxnews.com,Bigender,42,5/8/2024,3363
793,Eccott,reccottm0@creativecommons.org,Male,18,12/18/2023,1610
794,Kinnier,mkinnierm1@wunderground.com,Male,1,11/28/2023,584
795,Broadhead,tbroadheadm2@pinterest.com,Male,64,9/17/2024,2060
796,Oldacres,goldacresm3@g.co,Male,92,9/14/2024,936
797,Sijmons,msijmonsm4@spotify.com,Male,44,8/15/2024,2100
798,Hallam,ahallamm5@last.fm,Female,38,9/27/2024,3197
799,Blezard,mblezardm6@aboutads.info,Female,15,3/17/2024,4212
800,Ondra,bondram7@indiegogo.com,Female,44,6/12/2024,4053
801,Wallenger,wwallengerm8@linkedin.com,Genderfluid,5,10/12/2024,2578
802,Whittuck,jwhittuckm9@bluehost.com,Female,39,4/19/2024,5026
803,Badland,rbadlandma@adobe.com,Genderfluid,22,5/25/2024,307
804,Edinburough,nedinburoughmb@sina.com.cn,Non-binary,38,6/1/2024,3167
805,Hubbucks,mhubbucksmc@home.pl,Female,36,1/26/2024,3140
806,Chazelas,bchazelasmd@apache.org,Female,69,5/13/2024,3080
807,Lathy,tlathyme@vkontakte.ru,Female,17,12/11/2023,1567
808,Sherington,gsheringtonmf@imdb.com,Female,83,8/6/2024,2556
809,Brass,ebrassmg@ning.com,Female,14,12/3/2023,1010
810,Bibb,dbibbmh@cyberchimps.com,Female,31,7/15/2024,4122
811,Venn,lvennmi@tiny.cc,Male,37,11/15/2023,4412
812,Blaisdale,eblaisdalemj@facebook.com,Male,74,11/23/2023,4991
813,Bleakman,gbleakmanmk@nymag.com,Male,90,3/10/2024,1428
814,Yeudall,gyeudallml@g.co,Bigender,86,10/26/2024,5806
815,O'Monahan,lomonahanmm@paypal.com,Female,42,3/20/2024,5635
816,Tatchell,ktatchellmn@blinklist.com,Female,54,7/1/2024,4084
817,Briscoe,rbriscoemo@un.org,Male,14,6/2/2024,1058
818,Dyott,adyottmp@ovh.net,Female,30,5/4/2024,1425
819,Binnion,jbinnionmq@nba.com,Female,45,6/10/2024,3558
820,Tomek,ctomekmr@people.com.cn,Female,99,12/19/2023,2323
821,Inde,yindems@goo.gl,Male,13,1/13/2024,3501
822,Hadlow,dhadlowmt@ucoz.ru,Male,96,4/3/2024,4897
823,Adolphine,vadolphinemu@baidu.com,Male,43,2/17/2024,5518
824,Puleston,dpulestonmv@freewebs.com,Male,14,2/12/2024,3309
825,Guillard,nguillardmw@mail.ru,Female,69,10/7/2024,1971
826,Ipplett,nipplettmx@sohu.com,Male,46,11/3/2023,2221
827,Broadberrie,ibroadberriemy@house.gov,Female,49,7/19/2024,4417
828,McCurley,nmccurleymz@un.org,Male,96,9/12/2024,3700
829,Piffe,vpiffen0@dion.ne.jp,Female,34,5/15/2024,3154
830,Glassup,pglassupn1@google.com.br,Female,34,11/28/2023,5466
831,Sinkings,gsinkingsn2@howstuffworks.com,Female,60,5/7/2024,552
832,Wellbank,swellbankn3@indiegogo.com,Male,23,9/7/2024,4497
833,Whitcomb,dwhitcombn4@csmonitor.com,Female,49,6/18/2024,1757
834,Lapwood,blapwoodn5@ovh.net,Non-binary,28,8/3/2024,5620
835,Kempster,lkempstern6@usnews.com,Female,27,6/17/2024,4297
836,Mulligan,smulligann7@gravatar.com,Male,14,6/20/2024,4046
837,Crebott,wcrebottn8@xing.com,Male,54,3/19/2024,5671
838,Brugemann,bbrugemannn9@myspace.com,Female,91,1/29/2024,1303
839,Friedank,tfriedankna@wikimedia.org,Male,9,10/23/2024,4908
840,Wreford,dwrefordnb@zimbio.com,Male,84,1/24/2024,4282
841,Epsly,aepslync@trellian.com,Female,28,5/20/2024,4538
842,Guage,lguagend@aboutads.info,Male,5,7/10/2024,3619
843,Perigo,aperigone@discuz.net,Male,57,4/6/2024,5783
844,Mugridge,gmugridgenf@naver.com,Female,94,3/19/2024,2228
845,Garshore,kgarshoreng@timesonline.co.uk,Genderqueer,24,9/26/2024,4927
846,Sergeant,csergeantnh@google.com.hk,Female,60,9/20/2024,4321
847,Salliss,dsallissni@aboutads.info,Male,23,3/8/2024,4740
848,Rew,lrewnj@berkeley.edu,Male,58,3/21/2024,4835
849,Klesse,aklessenk@webmd.com,Male,74,9/24/2024,5267
850,Menelaws,omenelawsnl@xing.com,Female,79,2/18/2024,2737
851,Snibson,asnibsonnm@upenn.edu,Female,33,12/4/2023,997
852,Redbourn,rredbournnn@bbc.co.uk,Male,62,7/22/2024,56
853,Botley,dbotleyno@devhub.com,Female,48,5/7/2024,4067
854,Adamsky,oadamskynp@github.com,Bigender,72,1/6/2024,5473
855,Whaley,gwhaleynq@wikipedia.org,Male,51,10/20/2024,4294
856,Taplin,ktaplinnr@topsy.com,Male,84,12/29/2023,3163
857,Linder,glinderns@state.gov,Female,42,4/13/2024,2467
858,Laurent,glaurentnt@free.fr,Female,50,11/14/2023,1924
859,McGeechan,bmcgeechannu@nyu.edu,Female,85,11/20/2023,1463
860,Attwoul,hattwoulnv@tripadvisor.com,Male,56,1/10/2024,911
861,Uccelli,cuccellinw@shop-pro.jp,Male,11,7/23/2024,2940
862,Berston,bberstonnx@businesswire.com,Male,8,11/22/2023,3533
863,Fache,dfacheny@ca.gov,Female,25,7/14/2024,84
864,Jacklings,ijacklingsnz@eventbrite.com,Male,15,1/15/2024,3454
865,Vannar,avannaro0@uol.com.br,Male,48,9/5/2024,3297
866,Leversha,glevershao1@multiply.com,Genderfluid,84,11/1/2023,5646
867,Switland,dswitlando2@reference.com,Polygender,85,9/20/2024,2884
868,Ninnotti,bninnottio3@europa.eu,Non-binary,53,4/14/2024,2371
869,Cliff,bcliffo4@squidoo.com,Male,49,1/7/2024,998
870,Hovard,jhovardo5@narod.ru,Male,41,12/20/2023,1424
871,Clemow,oclemowo6@sciencedirect.com,Bigender,70,12/6/2023,3483
872,Grichukhin,sgrichukhino7@cbslocal.com,Male,93,1/4/2024,901
873,Weeds,eweedso8@friendfeed.com,Female,90,11/26/2023,1956
874,Fucher,lfuchero9@technorati.com,Male,91,12/23/2023,451
875,Broderick,dbroderickoa@mtv.com,Female,100,11/6/2023,5469
876,Brombell,rbrombellob@t.co,Male,56,2/21/2024,4341
877,Fronsek,kfronsekoc@mashable.com,Male,24,9/25/2024,4469
878,Merrall,nmerrallod@cnet.com,Male,30,1/26/2024,1748
879,Danilevich,ldanilevichoe@businesswire.com,Female,80,4/10/2024,4154
880,Davis,kdavisof@nasa.gov,Male,55,6/5/2024,3124
881,Dzenisenka,mdzenisenkaog@purevolume.com,Genderfluid,8,2/21/2024,1969
882,Shoreson,dshoresonoh@sohu.com,Male,1,4/7/2024,2828
883,Weth,swethoi@de.vu,Male,67,3/9/2024,5553
884,Daskiewicz,mdaskiewiczoj@opensource.org,Male,70,6/25/2024,4260
885,Drayn,jdraynok@google.com.au,Male,70,3/30/2024,1223
886,Giacovelli,sgiacovelliol@craigslist.org,Female,4,4/3/2024,1429
887,Lauritzen,rlauritzenom@mayoclinic.com,Male,6,12/8/2023,5889
888,Josh,djoshon@homestead.com,Female,95,6/6/2024,1220
889,Wearne,bwearneoo@independent.co.uk,Female,93,10/18/2024,5810
890,Dell Casa,sdellcasaop@paginegialle.it,Male,69,5/23/2024,2506
891,Jikylls,djikyllsoq@imgur.com,Male,100,3/9/2024,5069
892,Starrs,cstarrsor@netscape.com,Female,80,11/19/2023,4000
893,Bartoszek,sbartoszekos@apache.org,Male,26,10/23/2024,5732
894,Elcombe,melcombeot@who.int,Male,45,4/9/2024,3525
895,Aveling,ravelingou@techcrunch.com,Male,1,11/26/2023,1467
896,Sottell,fsottellov@latimes.com,Female,79,12/28/2023,1054
897,Skillicorn,kskillicornow@cpanel.net,Female,99,4/16/2024,1809
898,Radmore,eradmoreox@bigcartel.com,Male,75,4/2/2024,2621
899,Breston,ibrestonoy@google.es,Female,92,1/24/2024,3716
900,Soonhouse,ssoonhouseoz@washington.edu,Male,93,5/13/2024,1025
901,Fowell,rfowellp0@tmall.com,Female,100,6/4/2024,1134
902,Vedyasov,hvedyasovp1@elegantthemes.com,Agender,80,3/9/2024,2439
903,Hunday,dhundayp2@wiley.com,Male,86,9/11/2024,5271
904,Spellsworth,pspellsworthp3@paginegialle.it,Female,21,3/15/2024,94
905,Misken,lmiskenp4@seattletimes.com,Female,61,10/25/2024,3738
906,Puttnam,bputtnamp5@nba.com,Male,5,12/27/2023,5596
907,Semper,gsemperp6@yandex.ru,Male,92,5/1/2024,3682
908,Chrippes,achrippesp7@ustream.tv,Non-binary,84,9/29/2024,2246
909,Skrine,askrinep8@weibo.com,Male,85,9/16/2024,2793
910,Pheasey,dpheaseyp9@independent.co.uk,Male,80,7/29/2024,3891
911,Withey,mwitheypa@photobucket.com,Female,9,5/12/2024,926
912,Pyson,tpysonpb@bbb.org,Male,25,8/25/2024,618
913,Morgon,zmorgonpc@tripadvisor.com,Male,9,6/30/2024,3442
914,O'Regan,horeganpd@toplist.cz,Female,56,4/5/2024,5709
915,Scherme,pschermepe@reference.com,Male,83,5/1/2024,65
916,Creggan,ccregganpf@flickr.com,Male,57,5/19/2024,994
917,Lenaghen,hlenaghenpg@google.co.jp,Female,86,4/21/2024,3874
918,Maris,amarisph@sakura.ne.jp,Female,10,12/22/2023,73
919,Cloke,hclokepi@elpais.com,Male,90,6/25/2024,1085
920,Sargeaunt,ksargeauntpj@pagesperso-orange.fr,Male,11,2/14/2024,1505
921,Jeayes,mjeayespk@hibu.com,Male,86,6/12/2024,4730
922,Lamacraft,alamacraftpl@usa.gov,Female,33,11/4/2023,3377
923,Tice,aticepm@eepurl.com,Female,48,11/8/2023,4122
924,Dundon,zdundonpn@slate.com,Male,13,10/11/2024,5243
925,Jent,gjentpo@macromedia.com,Male,45,4/5/2024,2526
926,Allibon,fallibonpp@java.com,Male,4,11/26/2023,2767
927,Fronzek,dfronzekpq@nba.com,Male,16,11/22/2023,2797
928,Boman,dbomanpr@example.com,Female,49,7/1/2024,5973
929,Hulstrom,shulstromps@flavors.me,Male,29,10/3/2024,1669
930,Sebley,csebleypt@ed.gov,Female,39,7/29/2024,2048
931,Pinwill,jpinwillpu@51.la,Female,66,4/28/2024,2204
932,Kemmett,lkemmettpv@kickstarter.com,Female,67,6/20/2024,5321
933,Drysdell,wdrysdellpw@live.com,Female,25,8/5/2024,3750
934,Brehaut,fbrehautpx@usnews.com,Female,45,12/27/2023,4448
935,Grouen,pgrouenpy@goo.ne.jp,Male,42,8/15/2024,2608
936,Durham,idurhampz@archive.org,Female,47,1/17/2024,3715
937,Hultberg,uhultbergq0@bbb.org,Female,89,3/23/2024,5458
938,Cyseley,pcyseleyq1@tinypic.com,Female,60,5/18/2024,443
939,Jahnel,mjahnelq2@youku.com,Female,14,11/29/2023,2668
940,Dainter,bdainterq3@nasa.gov,Female,2,4/5/2024,5390
941,Dedam,ldedamq4@noaa.gov,Male,99,5/1/2024,971
942,Linck,slinckq5@yellowbook.com,Female,38,8/7/2024,1085
943,Fleury,nfleuryq6@mashable.com,Female,6,1/6/2024,731
944,Nacey,fnaceyq7@bandcamp.com,Female,7,7/2/2024,5947
945,Ringsell,lringsellq8@posterous.com,Male,68,5/10/2024,703
946,Thor,kthorq9@time.com,Female,26,3/16/2024,4613
947,Shuker,dshukerqa@surveymonkey.com,Male,52,10/6/2024,698
948,Mattityahou,dmattityahouqb@de.vu,Male,15,1/28/2024,4956
949,Duckitt,rduckittqc@vimeo.com,Male,36,10/20/2024,3968
950,Frowde,jfrowdeqd@myspace.com,Male,75,11/10/2023,733
951,Tingley,ktingleyqe@columbia.edu,Female,99,9/1/2024,1262
952,Odo,jodoqf@odnoklassniki.ru,Female,97,10/18/2024,635
953,Peacey,npeaceyqg@sitemeter.com,Male,74,9/12/2024,1789
954,Dragoe,ddragoeqh@scientificamerican.com,Male,9,4/24/2024,5059
955,Riddich,eriddichqi@mozilla.org,Genderqueer,63,8/17/2024,3241
956,Gosney,tgosneyqj@ucoz.com,Female,5,3/8/2024,2501
957,Goulder,cgoulderqk@ox.ac.uk,Polygender,14,7/24/2024,1191
958,Bell,hbellql@tripadvisor.com,Male,48,3/27/2024,2139
959,Dormer,hdormerqm@psu.edu,Female,9,10/13/2024,2168
960,Lownsbrough,clownsbroughqn@oracle.com,Female,75,7/26/2024,1573
961,Baldacco,gbaldaccoqo@prlog.org,Agender,48,6/12/2024,4197
962,Brisard,mbrisardqp@java.com,Male,1,8/10/2024,664
963,Stot,estotqq@technorati.com,Female,33,11/6/2023,1697
964,Gajewski,rgajewskiqr@mysql.com,Male,30,6/28/2024,2650
965,Caccavale,ccaccavaleqs@bloomberg.com,Female,44,1/24/2024,2808
966,Peacop,gpeacopqt@wikipedia.org,Male,31,1/24/2024,2176
967,Yarnold,iyarnoldqu@storify.com,Male,78,3/29/2024,5295
968,West,twestqv@issuu.com,Male,26,12/11/2023,1626
969,Budget,pbudgetqw@trellian.com,Polygender,60,8/10/2024,2459
970,Side,ksideqx@reference.com,Female,74,5/31/2024,734
971,Esch,aeschqy@privacy.gov.au,Male,88,12/11/2023,5628
972,Braunter,wbraunterqz@a8.net,Male,4,7/17/2024,2130
973,Matevosian,pmatevosianr0@telegraph.co.uk,Female,27,9/8/2024,5409
974,Jerisch,pjerischr1@nih.gov,Female,41,5/28/2024,2058
975,Hebblewhite,jhebblewhiter2@answers.com,Male,32,10/26/2024,5046
976,Clissell,oclissellr3@istockphoto.com,Female,27,8/3/2024,2685
977,Friberg,afribergr4@multiply.com,Male,69,2/8/2024,3550
978,Rolf,arolfr5@princeton.edu,Genderqueer,38,6/30/2024,4287
979,Flescher,lflescherr6@cbc.ca,Female,63,2/5/2024,1096
980,Casassa,hcasassar7@ezinearticles.com,Female,96,6/21/2024,4984
981,Colliver,ncolliverr8@livejournal.com,Male,43,11/23/2023,3555
982,Mulmuray,rmulmurayr9@amazon.com,Female,39,11/12/2023,4623
983,Kayes,lkayesra@weibo.com,Male,80,2/24/2024,290
984,MacNab,rmacnabrb@noaa.gov,Bigender,53,1/23/2024,2766
985,Stansall,tstansallrc@nymag.com,Female,28,8/19/2024,5460
986,Anfusso,janfussord@answers.com,Female,40,1/5/2024,2564
987,Wynrehame,pwynrehamere@friendfeed.com,Female,85,5/5/2024,2549
988,Norquay,lnorquayrf@ustream.tv,Female,74,3/15/2024,2855
989,Bellanger,cbellangerrg@github.io,Female,48,10/13/2024,1037
990,Thomel,mthomelrh@epa.gov,Male,75,1/22/2024,737
991,de Villier,rdevillierri@whitehouse.gov,Female,24,9/7/2024,4968
992,Fanthome,rfanthomerj@etsy.com,Female,74,6/5/2024,3821
993,Foad,cfoadrk@yandex.ru,Female,28,8/16/2024,2272
994,Ferrarone,iferraronerl@amazon.de,Female,56,6/19/2024,1238
995,Osgar,nosgarrm@state.tx.us,Female,25,11/28/2023,3897
996,Symms,isymmsrn@unblog.fr,Male,91,5/20/2024,5100
997,Jopke,ljopkero@senate.gov,Male,52,6/5/2024,505
998,Cartwright,lcartwrightrp@thetimes.co.uk,Genderfluid,70,10/31/2024,2828
999,Vasyaev,cvasyaevrq@about.me,Male,42,9/20/2024,720
1000,Gatrell,dgatrellrr@tripod.com,Male,11,9/30/2024,1061
